{
  "notebook": "CellPhoneDB_ANN_GoogLeNet",
  "ann": {
    "Accuracy": 0.6207729468599034,
    "Precision": 0.6237623762376238,
    "Recall": 0.6086956521739131,
    "F1": 0.6161369193154034
  },
  "cnn": {
    "model": "LeNet",
    "Accuracy": 0.6328502415458938,
    "Precision": 0.6095617529880478,
    "Recall": 0.7391304347826086,
    "F1": 0.6681222707423581
  }
}