{
  "notebook": "CellPhoneDB_ANN_ResNet",
  "ann": {
    "Accuracy": 0.6931567328918322,
    "Precision": 0.6866952789699571,
    "Recall": 0.7079646017699115,
    "F1": 0.6971677559912854
  },
  "cnn": {
    "model": "LeNet",
    "Accuracy": 0.6799116997792495,
    "Precision": 0.6302250803858521,
    "Recall": 0.8672566371681416,
    "F1": 0.7299813780260708
  }
}