{
  "notebook": "CellPhoneDB_ANN_VGGNet",
  "ann": {
    "Accuracy": 0.6887298747763864,
    "Precision": 0.6721311475409836,
    "Recall": 0.7347670250896058,
    "F1": 0.702054794520548
  },
  "cnn": {
    "model": "LeNet",
    "Accuracy": 0.4991055456171735,
    "Precision": 0.4991055456171735,
    "Recall": 1.0,
    "F1": 0.665871121718377
  }
}