{
  "notebook": "CellPhoneDB_ANN_LeNet",
  "ann": {
    "Accuracy": 0.7239263803680982,
    "Precision": 0.7072243346007605,
    "Recall": 0.7622950819672131,
    "F1": 0.7337278106508875
  },
  "cnn": {
    "model": "LeNet",
    "Accuracy": 0.7177914110429447,
    "Precision": 0.6790540540540541,
    "Recall": 0.8237704918032787,
    "F1": 0.7444444444444445
  }
}