{
  "notebook": "CellPhoneDB_ANN_ZFNet",
  "ann": {
    "Accuracy": 0.7373029772329247,
    "Precision": 0.7184466019417476,
    "Recall": 0.7789473684210526,
    "F1": 0.7474747474747475
  },
  "cnn": {
    "model": "LeNet",
    "Accuracy": 0.7408056042031523,
    "Precision": 0.709480122324159,
    "Recall": 0.8140350877192982,
    "F1": 0.7581699346405228
  }
}