{
  "notebook": "CellPhoneDB_ANN_AlexNet",
  "ann": {
    "Accuracy": 0.6873015873015873,
    "Precision": 0.7122302158273381,
    "Recall": 0.6285714285714286,
    "F1": 0.6677908937605397
  },
  "cnn": {
    "model": "LeNet",
    "Accuracy": 0.665079365079365,
    "Precision": 0.6635220125786163,
    "Recall": 0.6698412698412698,
    "F1": 0.6666666666666666
  }
}